data,hora
2024-01-07,13:43
2025-12-29,05:29
2024-03-17,00:30
2025-03-27,14:30
2025-03-14,15:27
2025-02-04,06:29
2023-03-23,17:05
2025-11-17,08:26
2023-05-30,17:09
2024-09-30,16:10
2025-02-03,17:04
2025-01-27,03:58
2024-04-13,22:08
2023-06-29,15:18
2024-12-15,12:49
2024-07-25,04:33
2023-10-26,04:52
2023-08-27,21:33
2023-08-28,05:39
2023-09-13,10:46
2023-11-29,03:29
2024-11-22,20:00
2025-06-08,21:42
2025-02-11,06:58
2023-05-04,12:54
2025-05-22,17:54
2025-05-07,16:57
2024-08-25,10:39
2025-05-22,11:02
2024-07-06,10:23
2023-01-04,04:34
2025-10-15,01:57
2025-10-04,12:26
2023-04-24,19:21
2024-05-18,20:07
2025-06-17,06:41
2024-05-31,05:11
2025-11-17,04:44
2023-03-04,20:35
2024-09-28,17:28
2023-03-14,23:42
2023-05-20,11:07
2025-04-27,15:28
2024-06-20,23:44
2023-11-23,14:35
2024-03-03,01:27
2023-07-25,01:36
2024-05-31,11:04
2025-08-31,04:44
2024-12-23,15:43
2024-12-15,06:41
2025-02-03,12:38
2025-04-11,10:46
2023-05-18,12:11
2023-06-09,14:39
2023-02-23,03:32
2023-07-19,19:35
2024-07-30,02:04
2025-01-19,02:41
2023-04-04,19:45
2023-09-03,06:32
2025-05-07,10:36
2023-02-09,20:20
2023-12-10,13:27
2024-10-22,03:30
2024-06-05,13:06
2025-08-13,09:09
2024-04-09,07:48
2025-05-25,19:22
2025-05-14,07:11
2024-10-16,19:59
2024-11-21,23:15
2024-01-11,02:18
2023-07-15,00:33
2025-12-15,14:45
2025-10-08,09:25
2024-01-07,17:17
2025-11-30,12:25
2025-09-21,09:20
2024-07-20,21:01
2025-01-10,07:27
2025-10-07,11:05
2023-12-12,13:39
2024-07-23,02:25
2023-02-26,21:09
2023-10-07,20:24
2023-06-19,11:00
2023-06-13,18:59
2023-02-03,07:57
2025-05-26,09:01
2023-08-05,04:13
2023-02-04,07:32
2024-06-13,01:12
2024-02-03,04:12
2023-01-31,05:38
2025-12-15,06:20
2025-03-04,13:17
2024-11-25,07:06
2025-11-16,03:41
2023-10-28,12:42
2025-08-13,05:51
2025-05-27,14:14
2025-12-13,14:47
2023-03-13,03:14
2024-10-06,20:32
2025-09-20,19:18
2024-06-22,07:20
2024-01-07,06:55
2024-03-22,09:06
2023-01-12,03:26
2024-02-03,12:51
2025-10-19,16:47
2023-08-29,09:07
2024-10-29,12:18
2024-06-13,23:52
2025-03-31,20:34
2023-07-11,16:37
2024-10-21,20:25
2025-10-23,08:03
2025-05-26,23:35
2024-03-16,02:44
2024-05-01,11:19
2023-05-01,04:35
2024-07-12,06:22
2023-12-01,12:15
2023-02-13,13:03
2025-06-03,16:54
2024-08-21,16:59
2025-01-02,00:45
2025-02-26,18:15
2025-07-08,19:49
2025-10-04,20:42
2024-06-15,10:33
2025-04-24,14:31
2023-08-22,02:07
2024-10-28,06:19
2023-08-23,12:33
2024-10-01,20:20
2025-02-24,03:03
2024-08-22,06:18
2025-03-07,11:12
2025-07-26,19:45
2023-09-30,04:47
2025-12-23,15:29
2025-03-21,19:32
2025-03-28,01:14
2023-05-24,16:06
2023-10-21,10:51
2023-08-03,00:21
2025-10-21,14:28
2023-12-06,12:15
2025-12-15,03:16
2024-08-12,21:49
2025-03-29,07:56
2023-03-13,14:01
2024-04-25,10:13
2025-05-13,00:41
2025-05-18,07:14
2023-12-28,04:12
2023-01-24,14:56
2025-10-28,07:05
2024-11-26,08:00
2023-01-14,04:28
2025-04-18,19:48
2025-05-11,21:34
2024-07-15,20:45
2023-01-07,23:50
2025-03-10,01:23
2025-10-24,14:25
2023-07-20,00:20
2025-04-23,14:36
2023-01-27,07:57
2024-09-28,07:25
2024-01-10,15:15
2025-10-29,18:12
2023-01-22,14:00
2025-08-10,17:09
2023-01-04,11:16
2025-12-23,11:38
2025-03-17,10:44
2024-06-05,23:24
2025-06-01,07:18
2025-05-24,19:20
2023-06-28,16:34
2024-02-28,17:28
2024-06-23,00:29
2024-02-06,01:48
2025-01-31,09:27
2025-10-19,16:16
2024-06-15,11:20
2025-10-18,19:18
2024-05-31,18:29
2025-10-03,13:14
2025-06-05,12:12
2025-03-21,00:35
2025-07-11,12:58
2024-01-09,14:19
2024-01-03,21:47
2023-11-21,05:24
2023-04-02,04:07
2025-03-08,10:18
2023-04-07,02:32
2025-08-11,05:06
2023-12-28,06:16
2025-09-24,05:11
2025-12-06,13:19
2024-01-25,18:59
2023-05-29,10:26
2025-12-07,20:22
2025-07-04,03:00
2023-12-11,23:06
2024-02-05,11:05
2025-05-31,12:03
2024-11-14,11:04
2023-07-31,02:45
2023-04-27,12:16
2023-04-07,12:11
2023-03-02,04:57
2023-02-20,02:48
2025-06-08,03:05
2024-10-13,20:22
2024-04-07,07:22
2025-04-03,12:02
2024-09-28,01:29
2023-03-20,21:53
2023-07-21,04:35
2023-05-07,18:33
2025-11-17,11:13
2025-10-28,11:37
2025-12-02,06:53
2024-09-06,22:08
2023-11-07,20:00
2024-12-13,18:34
2025-11-04,12:22
2024-11-11,16:36
2024-09-11,04:29
2025-11-24,00:14
2023-02-13,01:42
2023-01-13,17:22
2024-10-05,02:08
2024-05-29,11:42
2025-03-31,22:14
2024-12-19,05:14
2023-03-22,11:14
2024-10-21,17:28
2023-09-20,09:58
2025-09-12,17:16
2023-01-01,03:44
2024-08-23,21:56
2023-08-09,00:36
2024-01-23,08:58
2024-12-15,01:45
2023-02-15,22:11
2023-01-04,00:00
2023-10-12,19:10
2024-02-12,17:12
2023-11-10,23:33
2023-01-25,15:01
2024-02-08,21:18
2023-10-19,13:36
2024-03-25,08:41
2023-12-06,07:00
2025-05-04,01:22
2024-02-11,17:23
2023-05-29,09:10
2025-04-14,06:58
2025-05-11,06:07
2024-03-20,16:10
2025-11-23,04:16
2025-01-24,16:30
2024-09-02,21:50
2023-11-13,06:15
2024-02-07,00:21
2025-01-11,22:36
2023-08-02,18:01
2023-10-18,15:34
2023-12-05,06:50
2023-08-30,23:36
2025-01-12,18:41
2023-01-21,21:09
2023-09-23,06:07
2025-11-17,21:05
2023-01-04,23:29
2025-07-28,02:13
2023-02-27,07:45
2023-08-05,14:03
2024-11-01,21:25
2024-02-07,10:39
2023-12-30,18:56
2025-03-31,02:59
2025-09-05,11:09
2025-04-08,01:41
2023-12-28,07:07
2025-08-13,11:28
2024-10-30,18:35
2023-05-17,09:48
2025-09-11,10:58
2023-08-26,05:02
2024-01-21,19:22
2023-02-25,07:30
2023-07-23,20:17
2023-04-03,15:39
2025-07-08,07:04
2024-09-02,19:19
2024-04-11,05:05
2023-02-10,12:08
2025-10-17,09:42
2023-04-17,05:34
2025-05-30,03:32
2025-09-13,18:51
2025-09-18,06:29
2024-01-14,07:38
2025-12-01,06:22
2025-12-27,11:17
2023-03-25,08:43
2024-07-05,09:45
2024-07-21,11:51
2025-02-20,11:37
2025-05-24,02:17
2023-12-04,19:15
2023-08-13,04:02
2024-11-24,11:21
2023-03-06,18:25
2023-03-26,02:58
2025-11-13,02:02
2024-02-29,04:18
2025-04-05,06:37
2025-08-06,06:03
2025-10-24,21:55
2025-06-25,11:59
2024-10-27,15:21
2025-11-13,05:12
2025-05-27,17:47
2024-02-01,06:45
2023-07-11,12:43
2024-01-04,06:47
2025-02-23,05:35
2023-03-28,11:25
2025-11-04,07:36
2025-02-04,12:37
2025-06-14,16:05
2025-10-18,15:48
2024-02-21,22:48
2025-10-30,05:39
2025-07-29,09:15
2024-01-14,10:31
2025-12-31,08:18
2025-07-07,01:14
2023-12-28,13:09
2023-08-21,22:16
2025-10-17,08:22
2023-02-20,12:02
2024-12-22,16:14
2023-08-24,04:25
2025-11-21,00:54
2023-01-13,08:15
2024-08-30,12:49
2023-08-19,11:33
2023-08-31,18:52
2025-02-01,13:42
2024-09-13,10:37
2024-10-05,08:56
2025-09-09,02:38
2024-06-01,11:39
2024-03-16,12:26
2025-11-25,03:08
2023-11-08,21:24
2025-02-01,13:58
2025-09-24,02:09
2023-08-30,05:18
2024-06-05,14:42
2025-09-07,15:46
2023-08-20,03:56
2023-11-19,00:33
2025-09-27,06:23
2025-12-25,00:10
2024-04-17,12:45
2024-04-08,00:24
2023-07-06,05:41
2024-07-17,00:04
2025-08-28,07:55
2024-01-21,09:16
2024-03-22,21:56
2024-08-10,10:00
2025-07-22,10:43
2025-05-04,14:23
2024-01-15,00:43
2024-11-30,20:10
2025-09-23,17:42
2024-11-22,03:35
2025-03-13,14:41
2025-11-25,15:13
2024-02-19,05:51
2025-06-06,07:15
2024-04-23,18:33
2023-10-30,00:32
2023-04-28,15:03
2024-06-30,20:46
2025-11-06,01:37
2025-09-01,05:58
2024-10-09,06:47
2023-05-06,14:47
2024-01-23,14:32
2023-06-18,03:36
2023-06-24,22:49
2025-05-17,06:57
2024-04-14,07:11
2023-08-11,02:34
2023-06-17,01:29
2025-06-27,19:52
2023-01-08,03:41
2024-02-25,07:19
2023-03-03,00:53
2025-07-09,12:52
2023-09-11,15:28
2023-02-27,09:10
2024-02-02,14:30
2023-02-02,10:40
2025-01-10,18:55
2024-05-18,14:55
2025-10-06,01:13
2023-04-30,18:48
2024-07-22,23:54
2024-12-11,15:17
2023-01-20,09:20
2023-01-13,02:47
2023-09-16,10:52
2024-03-03,20:17
2025-06-29,02:33
2024-11-01,00:53
2023-07-18,02:48
2025-05-04,03:28
2024-08-13,21:33
2025-09-24,21:46
2024-07-16,22:53
2024-06-01,07:33
2025-10-26,23:06
2024-08-11,14:14
2023-04-29,01:58
2023-05-18,11:59
2025-09-14,00:44
2023-08-26,12:02
2023-08-17,20:49
2025-02-09,19:01
2025-01-07,15:52
2023-11-15,22:56
2025-09-10,18:50
2024-03-07,03:09
2025-02-25,13:08
2023-09-16,12:46
2025-04-03,09:22
2023-12-02,05:07
2024-10-03,06:30
2025-10-29,05:28
2025-11-20,03:45
2024-01-27,14:21
2023-07-15,00:43
2024-12-21,09:16
2023-03-14,19:44
2024-05-25,22:53
2023-02-27,02:55
2023-10-08,06:31
2023-09-22,17:51
2023-11-10,00:56
2025-03-10,12:40
2024-06-06,07:59
2023-10-17,06:22
2024-03-26,03:50
2025-12-19,11:58
2023-06-27,06:56
2023-02-04,13:35
2024-12-28,07:51
2023-06-16,16:55
2025-03-10,14:10
2023-01-21,23:49
2023-08-30,22:02
2025-11-29,15:59
2025-11-27,00:11
2025-11-14,19:34
2024-11-27,11:09
2023-06-18,13:52
2024-08-28,01:16
2025-12-23,00:39
2023-03-03,06:32
2025-04-30,01:24
2024-06-26,18:53
2024-11-24,16:38
2023-10-05,19:00
2024-08-10,22:03
2025-06-29,14:42
2024-12-14,23:06
2025-09-13,08:07
2025-03-07,11:20
2023-08-08,20:33
2024-02-02,21:45
2023-03-17,06:27
2024-12-29,15:32
2025-12-27,06:42
2025-01-05,09:00
2025-06-07,05:51
2023-12-05,19:43
2023-12-03,02:58
2023-04-03,05:32
2023-01-10,17:45
2023-03-04,03:22
2024-09-15,15:38
2023-09-27,10:06
2023-10-09,02:32
2025-03-07,15:43
2025-06-11,14:50
2025-05-08,08:45
2024-03-22,03:50
2025-08-30,15:39
2023-11-13,14:01
2025-08-14,22:46
2024-08-05,20:13
2025-06-22,20:21
2024-04-11,16:58
2023-10-30,06:58
2023-05-28,09:01
2025-03-28,03:11
2024-04-27,06:38
2025-06-12,14:10
2023-04-10,10:39
2024-03-18,15:51
2025-11-22,16:13
2024-03-26,13:48
2025-02-17,05:43
2023-08-23,17:50
2023-11-13,01:15
2025-12-13,10:42
2024-09-26,22:51
2024-12-28,21:10
2023-12-13,02:19
2023-12-10,15:39
2025-09-02,08:32
2024-02-05,12:08
2025-12-02,02:26
2023-06-22,10:23
2023-09-30,12:58
2023-04-27,10:48
2024-03-25,13:13
2023-12-01,00:27
2023-09-11,02:58
2025-01-12,10:58
2025-11-06,18:34
2024-07-07,19:30
2023-01-27,16:51
2024-04-02,12:29
2025-04-09,23:08
2023-05-25,01:48
2023-04-02,15:51
2023-01-01,16:01
2024-10-06,04:11
2023-02-28,11:27
2025-05-14,16:55
2023-08-16,16:04
2023-12-23,03:05
2024-05-14,16:28
2024-08-30,05:15
2023-01-19,11:27
2025-06-27,09:15
2024-11-20,21:53
2024-03-13,14:35
2025-06-09,23:05
2025-06-04,01:43
2024-02-12,16:30
2023-06-17,07:46
2024-08-06,05:45
2024-02-07,18:30
2023-12-21,10:31
2024-09-03,00:56
2025-12-19,10:56
2025-06-17,23:07
2023-02-27,17:37
2025-06-27,11:09
2025-08-03,10:08
2024-12-15,17:41
2025-09-12,02:17
2024-08-19,02:11
2023-06-16,00:11
2023-05-13,05:04
2025-06-02,12:26
2024-11-16,07:32
2025-05-31,07:06
2023-06-08,12:37
2025-05-11,18:07
2023-03-18,10:56
2025-05-24,07:36
2023-01-28,15:56
2023-11-06,14:06
2023-07-10,00:51
2025-07-24,17:52
2024-10-28,10:12
2024-11-02,12:06
2025-01-25,13:14
2024-03-19,14:22
2023-05-12,23:46
2023-08-01,08:01
2025-05-16,05:48
2024-04-24,07:31
2025-04-30,23:48
2023-10-27,16:17
2024-11-12,06:50
2024-03-18,23:10
2023-12-14,16:34
2024-06-18,20:04
2024-07-31,00:55
2025-06-13,22:40
2023-11-22,18:05
2023-01-14,01:52
2025-02-06,15:22
2024-01-01,18:40
2023-07-15,00:05
2024-09-25,23:34
2023-12-24,20:55
2023-05-17,22:27
2024-11-09,05:05
2025-06-20,00:52
2024-02-05,17:54
2024-10-05,12:07
2023-10-12,13:48
2023-07-08,23:04
2023-06-19,18:03
2025-01-27,08:56
2023-04-27,21:37
2025-03-07,14:42
2024-09-03,13:06
2025-12-02,02:24
2023-05-05,19:37
2023-06-19,17:58
2024-12-19,21:23
2025-09-13,14:00
2023-04-23,19:41
2025-12-26,16:09
2023-11-23,04:32
2024-12-31,01:58
2024-12-10,20:33
2024-08-24,16:18
2025-09-22,00:26
2023-01-15,19:13
2025-08-02,03:01
2024-09-28,12:40
2023-04-21,22:44
2023-09-07,06:35
2024-10-09,16:03
2025-06-06,08:20
2024-12-09,01:06
2025-03-29,19:13
2025-08-20,03:39
2025-09-10,06:55
2024-12-28,12:57
2024-12-07,23:36
2024-05-08,16:19
2023-10-31,11:12
2025-12-16,23:40
2025-07-01,01:53
2024-06-17,12:01
2023-08-04,15:32
2025-06-25,03:24
2025-04-28,06:25
2023-04-03,02:50
2024-05-01,14:20
2023-04-18,20:07
2025-06-21,07:30
2024-05-29,07:05
2025-11-10,09:28
2025-11-20,08:39
2025-03-31,13:29
2023-03-13,23:35
2024-12-29,16:15
2023-05-24,01:28
2023-05-27,18:29
2025-09-25,12:03
2025-08-24,23:59
2024-06-09,17:52
2023-06-27,13:12
2023-06-20,12:50
2025-11-01,14:55
2025-02-23,00:01
2024-07-17,14:14
2023-11-10,09:22
2025-06-23,22:01
2024-07-01,03:33
2025-07-21,21:06
2025-03-17,10:49
2024-08-18,11:08
2023-10-16,10:51
2025-01-05,16:10
2023-04-01,17:41
2023-12-02,00:39
2023-11-12,06:21
2024-08-28,11:06
2024-01-17,00:21
2024-07-07,08:18
2023-05-19,08:53
2023-11-20,14:28
2024-04-24,10:23
2024-12-02,02:16
2023-01-25,14:29
2023-12-14,18:06
2024-10-11,19:43
2025-06-20,06:32
2025-01-21,03:47
2024-01-08,17:29
2025-07-31,20:00
2024-06-19,02:54
2025-06-29,23:53
2023-07-13,08:00
2023-05-26,19:14
2023-12-02,16:10
2023-04-22,12:01
2023-01-07,05:04
2023-06-12,00:23
2025-06-23,16:23
2023-01-31,07:42
2024-05-25,22:04
2025-09-16,01:37
2023-02-12,08:25
2024-05-28,15:37
2025-09-21,18:39
2025-09-22,07:28
2025-03-31,14:17
2025-06-11,17:55
2023-11-24,03:50
2024-10-16,09:36
2025-10-22,08:11
2024-03-06,08:33
2024-05-24,19:31
2025-04-12,13:04
2025-03-23,17:17
2025-01-15,23:07
2023-05-06,15:54
2024-04-07,06:37
2024-03-26,16:35
2023-06-07,21:20
2025-02-27,07:45
2023-09-17,02:44
2023-06-29,04:13
2025-03-25,07:02
2024-02-10,00:10
2024-12-28,04:14
2025-01-08,14:52
2023-12-30,22:21
2024-09-01,12:07
2023-05-26,14:28
2024-08-22,10:47
2023-02-26,01:48
2024-05-08,12:44
2025-08-16,04:45
2024-05-09,14:53
2024-02-05,02:17
2025-07-29,06:57
2023-04-23,14:09
2024-10-18,03:34
2025-01-08,14:01
2025-06-15,00:45
2024-11-14,17:05
2025-11-12,10:08
2023-07-09,00:38
2025-02-05,05:14
2024-11-22,07:09
2025-07-09,03:01
2023-07-05,10:15
2023-09-21,07:32
2024-05-13,08:01
2025-03-14,08:20
2025-06-30,04:51
2024-01-03,15:51
2023-08-16,13:34
2024-10-18,01:11
2025-12-30,03:46
2023-01-20,01:37
2024-02-09,11:41
2023-01-12,22:47
2025-12-29,10:19
2025-08-05,05:07
2024-08-08,19:52
2023-03-25,15:49
2023-08-24,07:38
2024-04-17,03:29
2025-12-30,17:33
2023-08-01,15:50
2024-10-16,01:16
2023-12-10,05:52
2025-12-29,08:17
2024-11-13,06:08
2025-10-30,17:30
2024-05-25,02:24
2025-01-10,13:58
2024-07-14,14:45
2025-01-30,00:30
2024-10-02,05:22
2024-03-30,22:11
2025-09-25,03:46
2023-05-31,01:36
2023-07-05,21:15
2023-12-18,12:50
2025-02-04,12:40
2025-12-28,13:01
2024-01-14,09:54
2025-05-13,21:44
2024-08-21,12:45
2023-09-21,16:06
2025-12-04,10:14
2023-04-19,11:05
2024-07-20,11:58
2025-09-05,21:26
2023-07-07,20:59
2024-05-26,05:53
2025-12-26,20:05
2025-06-02,00:03
2025-07-08,02:47
2025-01-15,13:46
2024-02-16,23:32
2023-12-19,11:59
2025-08-11,07:37
2024-04-16,05:23
2024-06-10,22:08
2024-09-26,15:51
2023-11-12,15:53
2025-07-27,19:33
2025-06-29,03:21
2023-03-12,20:00
2025-07-29,06:48
2024-02-02,04:31
2025-02-03,21:51
2023-02-18,12:19
2023-06-07,00:25
2025-06-05,23:15
2024-12-24,15:11
2025-03-16,02:44
2024-04-27,13:05
2023-08-16,06:52
2023-05-07,08:28
2025-11-18,13:15
2024-03-07,13:07
2025-01-05,03:42
2024-02-26,00:31
2024-01-05,22:13
2025-10-01,21:03
2024-05-08,05:06
2024-05-12,12:18
2024-07-14,01:19
2025-12-24,04:16
2023-08-27,16:55
2023-08-23,03:55
2024-10-26,02:23
2024-11-12,02:10
2023-01-03,22:45
2024-12-25,13:32
2023-06-20,19:14
2023-01-15,15:07
2024-03-30,10:47
2024-02-18,03:55
2025-03-12,23:11
2024-02-21,11:16
2024-10-08,04:06
2024-04-07,04:11
2024-03-21,05:57
2023-09-12,20:19
2023-11-21,01:06
2024-05-08,22:37
2023-06-30,16:51
2024-04-01,11:16
2023-05-31,20:48
2023-04-07,00:29
2023-04-09,20:33
2024-11-02,09:48
2024-03-26,09:41
2023-03-21,06:38
2025-04-01,07:21
2025-04-10,07:23
2023-10-11,16:02
2024-08-02,13:21
2024-10-21,17:17
2023-04-24,11:09
2023-01-23,05:45
2024-06-22,01:05
2025-05-05,19:22
2023-11-13,14:04
2024-10-28,19:20
2024-03-23,21:18
2025-12-30,10:27
2024-02-26,23:00
2025-07-02,18:10
2024-06-19,07:36
2023-09-15,01:08
2025-01-13,05:14
2024-12-24,16:09
2025-01-08,02:22
2025-10-15,03:58
2023-11-11,17:51
2025-03-02,17:54
2025-02-14,15:44
2024-04-08,17:20
2025-01-24,06:44
2024-06-05,01:08
2023-04-28,17:31
2023-01-06,15:34
2024-05-26,16:09
2024-04-20,14:13
2025-10-25,03:03
2025-03-26,22:46
2025-12-06,00:16
2025-06-19,19:41
2025-07-27,04:07
2024-04-13,21:57
2023-11-24,11:19
2025-11-06,16:28
2023-02-04,23:27
2025-09-17,20:23
2024-03-06,02:17
2025-08-10,17:10
2023-05-25,07:58
2023-06-06,16:31
2025-03-29,07:48
2025-01-31,01:54
2024-11-18,21:20
2023-07-08,13:19
2023-04-21,16:22
2025-09-23,21:28
2024-09-10,06:47
2023-10-17,09:58
2023-08-27,09:12
2024-03-09,16:40
2025-04-06,20:31
2025-02-16,23:45
2024-11-04,07:09
2024-07-06,20:59
2025-08-30,17:17
2024-04-27,07:45
2023-01-14,20:05
2025-04-03,20:06
2024-12-16,21:32
2025-04-21,12:56
2023-03-20,17:15
2024-05-25,17:50
2025-09-07,09:09
2024-08-06,17:52
2024-01-03,20:20
2024-08-12,15:21
2023-06-20,22:07
2024-04-28,02:25
2024-07-02,00:29
2023-05-31,21:36
2024-03-26,13:54
2025-12-10,07:28
2023-04-20,19:23
2024-03-01,03:17
2024-06-09,02:37
2024-01-15,15:16
2024-06-25,07:52
2023-08-10,00:02
2023-05-23,04:50
2024-11-19,04:13
2025-07-04,20:21
2024-06-09,08:56
2024-03-26,16:51
2024-01-12,09:33
2023-09-05,02:01
2024-01-25,05:59
2025-07-12,19:57
2023-11-28,19:49
2023-06-30,23:58
2023-08-27,18:54
2024-06-21,02:05
2025-03-07,17:30
2023-04-19,06:21
2024-07-23,08:09
2024-10-28,07:50
2024-04-02,03:48
2024-10-19,22:52
2025-03-25,22:13
2023-05-16,01:43
2024-04-09,20:08
2025-04-05,06:06
2025-11-11,20:47
2024-06-08,05:39
2024-07-30,19:36
2023-02-19,08:08
2023-06-09,04:48
2024-08-05,04:39
2023-08-16,02:59
2024-05-09,22:24
2025-12-21,06:26
2025-04-10,04:35
2023-12-12,18:46
2024-05-14,04:58
2025-07-24,08:22
2024-09-06,13:40
2025-12-08,12:36
2024-02-09,17:51
2024-05-09,17:33
2024-01-03,07:49
2024-05-07,09:18
2024-07-13,19:23
2025-11-25,09:09
2023-01-21,11:26
2023-03-10,16:18
